1,Shape of You,Ed Sheeran,Divide,Pop,2017,3:53
2,Blinding Lights,The Weeknd,After Hours,Synth-pop,2020,3:20
3,Bohemian Rhapsody,Queen,A Night at the Opera,Rock,1975,5:55
4,Someone Like You,Adele,21,Soul,2011,4:45
5,Smells Like Teen Spirit,Nirvana,Nevermind,Grunge,1991,5:01
6,Uptown Funk,Mark Ronson ft. Bruno Mars,Uptown Special,Funk,2014,4:30
7,Rolling in the Deep,Adele,21,Soul,2010,3:48
8,Hotel California,Eagles,Hotel California,Rock,1976,6:30
9,Old Town Road,Lil Nas X,7,Country Rap,2019,2:37
10,Hallelujah,Leonard Cohen,Various Positions,Folk Rock,1984,4:39
11,Imagine,John Lennon,Imagine,Soft Rock,1971,3:03
12,Thriller,Michael Jackson,Thriller,Pop,1982,5:57
13,Shallow,Lady Gaga & Bradley Cooper,A Star is Born (Soundtrack),Pop,2018,3:36
14,Wonderwall,Oasis,(What's the Story) Morning Glory?,Britpop,1995,4:18
15,Thinking Out Loud,Ed Sheeran,X,Pop,2014,4:41
16,Hey Jude,The Beatles,Hey Jude,Rock,1968,7:11
17,Stay,Rihanna ft. Mikky Ekko,Unapologetic,Pop,2012,4:00
18,Back in Black,AC/DC,Back in Black,Hard Rock,1980,4:15
19,Let It Be,The Beatles,Let It Be,Rock,1970,4:03
20,Havana,Camila Cabello ft. Young Thug,Camila,Latin Pop,2017,3:37
